,0,1
0,9012,Download successful
1,9013,Download successful
2,9014,Download successful
3,9015,Download successful
4,9016,Download successful
5,9017,Download successful
6,9018,Download successful
7,9019,Download successful
8,9020,Download successful
9,9021,Download successful
10,9022,Download successful
11,9023,Download successful
12,9024,Download successful
13,9025,Download successful
14,9026,Download successful
15,9027,Download successful
16,9028,Download successful
17,9029,Download successful
18,9030,Download successful
19,9031,Download successful
20,9032,Download successful
21,9033,Download successful
22,9034,Download successful
23,9035,Download successful
24,9036,Download successful
25,9037,Download successful
26,9038,Download successful
27,9039,Download failed: timeoutException
28,9040,Download successful
29,9041,Download successful
30,9042,Download successful
31,9043,Download successful
32,9044,Download successful
33,9045,Download successful
34,9046,Download successful
35,9047,Download successful
36,9048,Download successful
37,9049,Download successful
38,9050,Download successful
39,9051,Download successful
40,9052,Download successful
41,9053,Download successful
42,9054,Download successful
43,9055,Download successful
44,9056,Download successful
45,9057,Download successful
46,9058,Download successful
47,9059,Download successful
48,9060,Download successful
49,9061,Download successful
50,9062,Download successful
51,9063,Download successful
52,9064,Download successful
53,9065,Download successful
54,9066,Download successful
55,9067,Download successful
56,9068,Download successful
57,9069,Download successful
58,9070,Download successful
59,9071,Download successful
60,9072,Download successful
61,9073,Download successful
62,9074,Download successful
63,9075,Download successful
64,9144,Download successful
65,9076,Download successful
66,9077,Download successful
67,9078,Download successful
68,9079,Download successful
69,9080,Download successful
70,9081,Download successful
71,9082,Download successful
72,9083,Download successful
73,9084,Download successful
74,9085,Download successful
75,9086,Download successful
76,9087,Download successful
77,9088,Download successful
78,9089,Download successful
79,9090,Download successful
80,9091,Download successful
81,9092,Download successful
82,9093,Download successful
83,9094,Download successful
84,9095,Download successful
85,9096,Download successful
86,9097,Download successful
87,9098,Download successful
88,9099,Download successful
89,9100,Download successful
90,9101,Download successful
91,9102,Download successful
92,9103,Download successful
93,9104,Download successful
94,9105,Download successful
95,9106,Download successful
96,9107,Download successful
97,9108,Download successful
98,9109,Download successful
99,9110,Download successful
100,9111,Download successful
101,9112,Download successful
102,9113,Download successful
103,9114,Download successful
104,9115,Download successful
105,9116,Download successful
106,9117,Download successful
107,9118,Download successful
108,9119,Download successful
109,9120,Download successful
110,9121,Download successful
111,9122,Download successful
112,9123,Download successful
113,9124,Download successful
114,9125,Download successful
115,9126,Download successful
116,9127,Download successful
117,9128,Download successful
118,9129,Download successful
119,9130,Download successful
120,9131,Download successful
121,9132,Download successful
122,9133,Download successful
123,9134,Download successful
124,9135,Download successful
125,9136,Download successful
126,9137,Download successful
127,9138,Download successful
128,9139,Download successful
129,9140,Download successful
130,9141,Download successful
131,9142,Download successful
132,9143,Download successful
133,9145,Download successful
134,9146,Download successful
135,9184,Download successful
136,9147,Download successful
137,9148,Download successful
138,9149,Download successful
139,9150,Download successful
140,9151,Download successful
141,9152,Download successful
142,9153,Download successful
143,9154,Download successful
144,9155,Download successful
145,9156,Download successful
146,9157,Download successful
147,9158,Download successful
148,9159,Download successful
149,9160,Download successful
150,9161,Download successful
151,9162,Download successful
152,9163,Download successful
153,9164,Download successful
154,9165,Download successful
155,9166,Download successful
156,9167,Download successful
157,9168,Download successful
158,9169,Download successful
159,9170,Download successful
160,9171,Download successful
161,9172,Download successful
162,9173,Download successful
163,9174,Download successful
164,9175,Download successful
165,9176,Download successful
166,9177,Download successful
167,9178,Download successful
168,9179,Download successful
169,9180,Download successful
170,9181,Download successful
171,9182,Download successful
172,9183,Download successful
173,9185,Download successful
174,9186,Download successful
175,9187,Download successful
176,9188,Download successful
177,9189,Download successful
178,9190,Download successful
179,9191,Download successful
180,9192,Download successful
181,9193,Download successful
182,9194,Download successful
183,9195,Download successful
184,9196,Download successful
185,9197,Download successful
186,9198,Download successful
187,9199,Download successful
188,9200,Download successful
189,9201,Download successful
190,9202,Download successful
191,9203,Download successful
192,9204,Download successful
193,9205,Download successful
194,9206,Download successful
195,9207,Download successful
196,9208,Download successful
197,9209,Download successful
198,9210,Download successful
199,9211,Download successful
200,9212,Download successful
201,9213,Download successful
202,9214,Download successful
203,9215,Download successful
204,9216,Download successful
205,9217,Download successful
206,9218,Download successful
207,9219,Download successful
208,9220,Download successful
209,9221,Download successful
210,9222,Download successful
211,9223,Download successful
212,9224,Download successful
213,9225,Download successful
214,9226,Download successful
215,9227,Download successful
216,9228,Download successful
217,9229,Download successful
218,9230,Download successful
219,9231,Download successful
220,9232,Download successful
221,9233,Download successful
222,9234,Download successful
223,9235,Download successful
224,9236,Download successful
225,9237,Download successful
226,9238,Download successful
227,9239,Download successful
228,9240,Download successful
229,9241,Download successful
230,9242,Download successful
231,9243,Download successful
232,9244,Download successful
233,9245,Download successful
234,9246,Download successful
235,9247,Download successful
236,9248,Download successful
237,9249,Download successful
238,9250,Download successful
239,9251,Download successful
240,9252,Download successful
241,9253,Download successful
242,9254,Download successful
243,9255,Download successful
244,9256,Download successful
245,9257,Download successful
246,9258,Download successful
247,9259,Download successful
248,9260,Download successful
249,9261,Download successful
250,9262,Download successful
251,9263,Download successful
252,9264,Download successful
253,9265,Download successful
254,9266,Download successful
255,9267,Download successful
256,9268,Download successful
257,9269,Download successful
258,9270,Download successful
259,9271,Download successful
260,9272,Download successful
261,9273,Download successful
262,9274,Download successful
263,9275,Download successful
264,9276,Download successful
265,9277,Download successful
266,9278,Download successful
267,9279,Download successful
268,9280,Download successful
269,9281,Download successful
270,9282,Download successful
271,9283,Download successful
272,9284,Download successful
273,9285,Download successful
274,9286,Download successful
275,9287,Download successful
276,9288,Download successful
277,9289,Download successful
278,9290,Download successful
279,9291,Download successful
280,9292,Download successful
281,9293,Download successful
282,9294,Download successful
283,9295,Download successful
284,9296,Download successful
285,9297,Download successful
286,9298,Download successful
287,9299,Download successful
288,9300,Download successful
289,9301,Download successful
290,9302,Download successful
291,9303,Download successful
292,9304,Download successful
293,9305,Download successful
294,9306,Download successful
295,9307,Download successful
296,9308,Download successful
297,9309,Download successful
298,9310,Download successful
299,9311,Download successful
300,9312,Download successful
301,9313,Download successful
302,9314,Download successful
303,9315,Download successful
304,9316,Download successful
305,9317,Download successful
306,9318,Download successful
307,9319,Download successful
308,9320,Download successful
309,9321,Download successful
310,9322,Download successful
311,9323,Download successful
312,9324,Download successful
313,9325,Download successful
314,9326,Download successful
315,9327,Download successful
316,9328,Download successful
317,9329,Download successful
318,9330,Download successful
319,9331,Download successful
320,9332,Download successful
321,9333,Download successful
322,9334,Download successful
323,9335,Download successful
324,9336,Download successful
325,9337,Download successful
326,9338,Download successful
327,9339,Download successful
328,9340,Download successful
329,9341,Download successful
330,9342,Download successful
331,9343,Download successful
332,9344,Download successful
333,9345,Download successful
334,9346,Download successful
335,9347,Download successful
336,9348,Download successful
337,9349,Download successful
338,9350,Download successful
339,9351,Download successful
340,9352,Download successful
341,9353,Download successful
342,9354,Download successful
343,9355,Download successful
344,9356,Download successful
345,9357,Download successful
346,9358,Download successful
347,9359,Download successful
348,9360,Download successful
349,9361,Download successful
350,9362,Download successful
351,9363,Download successful
352,9364,Download successful
353,9365,Download successful
354,9366,Download successful
355,9367,Download successful
356,9368,Download successful
357,9369,Download successful
358,9370,Download successful
359,9371,Download successful
360,9372,Download successful
361,9373,Download successful
362,9374,Download successful
363,9375,Download successful
364,9376,Download successful
365,9377,Download successful
366,9378,Download successful
367,9379,Download successful
368,9380,Download successful
369,9381,Download successful
370,9382,Download successful
371,9383,Download successful
372,9384,Download successful
373,9385,Download successful
374,9386,Download successful
375,9387,Download successful
376,9388,Download successful
377,9389,Download successful
378,9390,Download successful
379,9391,Download successful
380,9392,Download successful
381,9393,Download successful
382,9394,Download successful
383,9395,Download successful
384,9396,Download successful
385,9397,Download successful
386,9398,Download successful
387,9399,Download successful
388,9400,Download successful
389,9401,Download successful
390,9402,Download successful
391,9403,Download successful
392,9404,Download successful
393,9405,Download successful
394,9406,Download successful
395,9407,Download successful
396,9408,Download successful
397,9409,Download successful
398,9410,Download successful
399,9411,Download successful
400,9412,Download successful
401,9413,Download successful
402,9414,Download successful
403,9415,Download successful
404,9416,Download successful
405,9417,Download successful
406,9418,Download successful
407,9419,Download successful
408,9420,Download successful
409,9421,Download successful
410,9422,Download successful
411,9423,Download successful
412,9424,Download successful
413,9425,Download successful
414,9426,Download successful
415,9427,Download successful
416,9428,Download successful
417,9429,Download successful
418,9430,Download successful
419,9431,Download successful
420,9432,Download successful
421,9433,Download successful
422,9434,Download successful
423,9435,Download successful
424,9436,Download successful
425,9437,Download successful
426,9438,Download successful
427,9439,Download successful
428,9440,Download successful
429,9441,Download successful
430,9442,Download successful
431,9443,Download successful
432,9444,Download successful
433,9445,Download successful
434,9446,Download successful
435,9447,Download successful
436,9448,Download successful
437,9449,Download successful
438,9450,Download successful
439,9451,Download successful
440,9452,Download successful
441,9453,Download successful
442,9454,Download successful
443,9455,Download successful
444,9456,Download successful
445,9457,Download successful
446,9458,Download successful
447,9459,Download successful
448,9460,Download successful
449,9461,Download successful
450,9462,Download successful
451,9463,Download successful
452,9464,Download successful
453,9465,Download successful
454,9466,Download successful
455,9467,Download successful
456,9468,Download successful
457,9469,Download successful
458,9470,Download successful
459,9471,Download successful
460,9472,Download successful
461,9473,Download successful
462,9474,Download successful
463,9475,Download successful
464,9476,Download successful
465,9477,Download successful
466,9478,Download successful
467,9479,Download successful
468,9480,Download successful
469,9481,Download successful
470,9482,Download successful
471,9483,Download successful
472,9484,Download successful
473,9485,Download successful
474,9486,Download successful
475,9487,Download successful
476,9488,Download successful
477,9489,Download successful
478,9490,Download successful
479,9491,Download successful
480,9492,Download successful
481,9493,Download successful
482,9494,Download successful
483,9495,Download successful
484,9496,Download successful
485,9497,Download successful
486,9498,Download successful
487,9499,Download successful
488,9500,Download successful
489,9501,Download successful
490,9502,Download successful
491,9503,Download successful
492,9504,Download successful
493,9505,Download successful
494,9506,Download successful
495,9507,Download successful
496,9508,Download successful
497,9509,Download successful
498,9510,Download successful
499,9511,Download successful
500,9512,Download successful
501,9513,Download successful
502,9514,Download successful
503,9515,Download successful
504,9516,Download successful
505,9517,Download successful
506,9518,Download successful
507,9519,Download successful
508,9520,Download successful
509,9521,Download successful
510,9522,Download successful
511,9523,Download successful
512,9524,Download successful
513,9525,Download successful
514,9526,Download successful
515,9527,Download successful
516,9528,Download successful
517,9529,Download successful
518,9530,Download successful
519,9531,Download successful
520,9532,Download successful
521,9533,Download successful
522,9534,Download successful
523,9535,Download successful
524,9536,Download successful
525,9537,Download successful
526,9538,Download successful
527,9539,Download successful
528,9540,Download successful
529,9541,Download successful
530,9542,Download successful
531,9543,Download successful
532,9544,Download successful
533,9545,Download successful
534,9546,Download successful
535,9547,Download successful
536,9548,Download successful
537,9549,Download successful
538,9550,Download successful
539,9551,Download successful
540,9552,Download successful
541,9553,Download successful
542,9554,Download successful
543,9555,Download successful
544,9556,Download successful
545,9557,Download successful
546,9558,Download successful
547,9559,Download successful
548,9560,Download successful
549,9561,Download successful
550,9562,Download successful
551,9563,Download successful
552,9564,Download successful
553,9565,Download successful
554,9566,Download successful
555,9567,Download successful
556,9568,Download successful
557,9569,Download successful
558,9570,Download successful
559,9571,Download successful
560,9572,Download successful
561,9573,Download successful
562,9574,Download successful
563,9575,Download successful
564,9576,Download successful
565,9577,Download successful
566,9578,Download successful
567,9579,Download successful
568,9580,Download successful
569,9581,Download successful
570,9582,Download successful
571,9583,Download successful
572,9584,Download successful
573,9585,Download successful
574,9586,Download successful
575,9587,Download successful
576,9588,Download successful
577,9589,Download successful
578,9590,Download successful
579,9591,Download successful
580,9592,Download successful
581,9593,Download successful
582,9594,Download successful
583,9595,Download successful
584,9596,Download successful
585,9597,Download successful
586,9598,Download successful
587,9599,Download successful
588,9600,Download successful
589,9601,Download successful
590,9602,Download successful
591,9603,Download successful
592,9604,Download successful
593,9605,Download successful
594,9606,Download successful
595,9607,Download successful
596,9608,Download successful
597,9609,Download successful
598,9610,Download successful
599,9611,Download successful
600,9612,Download successful
601,9613,Download successful
602,9614,Download successful
603,9615,Download successful
604,9616,Download successful
605,9617,Download successful
606,9618,Download successful
607,9619,Download successful
608,9620,Download successful
609,9621,Download successful
610,9622,Download successful
611,9623,Download successful
612,9624,Download successful
613,9625,Download successful
614,9626,Download successful
615,9627,Download successful
616,9628,Download successful
617,9629,Download successful
618,9630,Download successful
619,9631,Download successful
620,9632,Download successful
621,9633,Download successful
622,9634,Download successful
623,9635,Download successful
624,9636,Download successful
625,9637,Download successful
626,9638,Download successful
627,9639,Download successful
628,9640,Download successful
629,9641,Download successful
630,9642,Download successful
631,9643,Download successful
632,9644,Download successful
633,9645,Download successful
634,9646,Download successful
635,9647,Download successful
636,9648,Download successful
637,9649,Download successful
638,9650,Download successful
639,9651,Download successful
640,9652,Download successful
641,9653,Download successful
642,9654,Download successful
643,9655,Download successful
644,9656,Download successful
645,9657,Download successful
646,9658,Download successful
647,9659,Download successful
648,9660,Download successful
649,9661,Download successful
650,9662,Download successful
651,9663,Download successful
652,9664,Download successful
653,9665,Download successful
654,9666,Download successful
655,9667,Download successful
656,9668,Download successful
657,9669,Download successful
658,9670,Download successful
659,9671,Download successful
660,9672,Download successful
661,9673,Download successful
662,9674,Download successful
663,9675,Download successful
664,9676,Download successful
665,9677,Download successful
666,9678,Download successful
667,9679,Download successful
668,9680,Download successful
669,9681,Download successful
670,9682,Download successful
671,9683,Download successful
672,9684,Download successful
673,9685,Download successful
674,9686,Download successful
675,9687,Download successful
676,9688,Download successful
677,9689,Download successful
678,9690,Download successful
679,9691,Download successful
680,9692,Download successful
681,9693,Download successful
682,9694,Download successful
683,9695,Download successful
684,9696,Download successful
685,9697,Download successful
686,9698,Download successful
687,9699,Download successful
688,9700,Download successful
689,9701,Download successful
690,9702,Download successful
691,9703,Download successful
692,9704,Download successful
693,9705,Download successful
694,9706,Download successful
695,9707,Download successful
696,9708,Download successful
697,9709,Download successful
698,9710,Download successful
699,9711,Download successful
700,9712,Download successful
701,9713,Download successful
702,9714,Download successful
703,9715,Download successful
704,9716,Download successful
705,9717,Download successful
706,9718,Download successful
707,9719,Download successful
708,9720,Download successful
709,9721,Download successful
710,9722,Download successful
711,9723,Download successful
712,9724,Download successful
713,9725,Download successful
714,9726,Download successful
715,9727,Download successful
716,9728,Download successful
717,9729,Download successful
718,9730,Download successful
719,9731,Download successful
720,9732,Download successful
721,9733,Download successful
722,9734,Download successful
723,9735,Download successful
724,9736,Download successful
725,9737,Download successful
726,9738,Download successful
727,9739,Download successful
728,9740,Download successful
729,9741,Download successful
730,9742,Download successful
731,9743,Download successful
732,9744,Download successful
733,9745,Download successful
734,9746,Download successful
735,9747,Download successful
736,9748,Download successful
737,9749,Download successful
738,9750,Download successful
739,9751,Download successful
740,9752,Download successful
741,9753,Download successful
742,9754,Download successful
743,9755,Download successful
744,9756,Download successful
745,9757,Download successful
746,9758,Download successful
747,9759,Download successful
748,9760,Download successful
749,9761,Download successful
750,9762,Download successful
751,9763,Download successful
752,9764,Download successful
753,9765,Download successful
754,9766,Download successful
755,9767,Download successful
756,9768,Download successful
757,9769,Download successful
758,9770,Download successful
759,9771,Download successful
760,9772,Download successful
761,9773,Download successful
762,9774,Download successful
763,9775,Download successful
764,9776,Download successful
765,9777,Download successful
766,9778,Download successful
767,9779,Download successful
768,9780,Download successful
769,9781,Download successful
770,9782,Download successful
771,9783,Download successful
772,9784,Download successful
773,9785,Download successful
774,9786,Download successful
775,9787,Download successful
776,9788,Download successful
777,9789,Download successful
778,9790,Download successful
779,9791,Download successful
780,9792,Download successful
781,9793,Download successful
782,9794,Download successful
783,9795,Download successful
784,9796,Download successful
785,9797,Download successful
786,9798,Download successful
787,9799,Download successful
788,9800,Download successful
789,9801,Download successful
790,9802,Download successful
791,9803,Download successful
792,9804,Download successful
793,9805,Download successful
794,9806,Download successful
795,9807,Download successful
796,9808,Download successful
797,9809,Download successful
798,9810,Download successful
799,9811,Download successful
800,9812,Download successful
801,9813,Download successful
802,9814,Download successful
803,9815,Download successful
804,9816,Download successful
805,9817,Download successful
806,9818,Download successful
807,9819,Download successful
808,9820,Download successful
809,9821,Download successful
810,9822,Download successful
811,9823,Download successful
812,9824,Download successful
813,9825,Download successful
814,9826,Download successful
815,9827,Download successful
816,9828,Download successful
817,9829,Download successful
818,9830,Download successful
819,9831,Download successful
820,9832,Download successful
821,9833,Download successful
822,9834,Download successful
823,9835,Download successful
824,9836,Download successful
825,9837,Download successful
826,9838,Download successful
827,9839,Download successful
828,9840,Download successful
829,9841,Download successful
830,9842,Download successful
831,9843,Download successful
832,9844,Download successful
833,9845,Download successful
834,9846,Download successful
835,9847,Download successful
836,9848,Download successful
837,9849,Download successful
838,9850,Download successful
839,9851,Download successful
840,9852,Download successful
841,9853,Download successful
842,9854,Download successful
843,9855,Download successful
844,9856,Download successful
845,9857,Download successful
846,9858,Download successful
847,9859,Download successful
848,9860,Download successful
849,9861,Download successful
850,9862,Download successful
851,9863,Download successful
852,9864,Download successful
853,9865,Download successful
854,9866,Download successful
855,9867,Download successful
856,9868,Download successful
857,9869,Download successful
858,9870,Download successful
859,9871,Download successful
860,9872,Download successful
861,9873,Download successful
862,9874,Download successful
863,9875,Download successful
864,9876,Download successful
865,9877,Download successful
866,9878,Download successful
867,9879,Download successful
868,9880,Download successful
869,9881,Download successful
870,9882,Download successful
871,9883,Download successful
872,9884,Download successful
873,9885,Download successful
874,9886,Download successful
875,9887,Download successful
876,9888,Download successful
877,9889,Download successful
878,9890,Download successful
879,9891,Download successful
880,9892,Download successful
881,9893,Download successful
882,9894,Download successful
883,9895,Download successful
884,9896,Download successful
885,9897,Download successful
886,9898,Download successful
887,9899,Download successful
888,9900,Download successful
889,9901,Download successful
890,9902,Download successful
891,9903,Download successful
892,9904,Download successful
893,9905,Download successful
894,9906,Download successful
895,9907,Download successful
896,9908,Download successful
897,9909,Download successful
898,9910,Download successful
899,9911,Download successful
900,9912,Download successful
901,9913,Download successful
902,9914,Download successful
903,9915,Download successful
904,9916,Download successful
905,9917,Download successful
906,9918,Download successful
907,9919,Download successful
908,9920,Download successful
909,9921,Download successful
910,9922,Download successful
911,9923,Download successful
912,9924,Download successful
913,9925,Download successful
914,9926,Download successful
915,9927,Download successful
916,9928,Download successful
917,9929,Download successful
918,9930,Download successful
919,9931,Download successful
920,9932,Download successful
921,9933,Download successful
922,9934,Download successful
923,9935,Download successful
924,9936,Download successful
925,9937,Download successful
926,9938,Download successful
927,9939,Download successful
928,9940,Download successful
929,9941,Download successful
930,9942,Download successful
931,9943,Download successful
932,9944,Download successful
933,9945,Download successful
934,9946,Download successful
935,9947,Download successful
936,9948,Download successful
937,9949,Download successful
938,9950,Download successful
939,9951,Download successful
940,9952,Download successful
941,9953,Download successful
942,9954,Download successful
943,9955,Download successful
944,9956,Download successful
945,9957,Download successful
946,9958,Download successful
947,9959,Download successful
948,9960,Download successful
949,9961,Download successful
950,9962,Download successful
951,9963,Download successful
952,9964,Download successful
953,9965,Download successful
954,9966,Download successful
955,9967,Download successful
956,9968,Download successful
957,9969,Download successful
958,9970,Download successful
959,9971,Download successful
960,9972,Download successful
961,9973,Download successful
962,9974,Download successful
963,9975,Download successful
964,9976,Download successful
965,9977,Download successful
966,9978,Download successful
967,9979,Download successful
968,9980,Download successful
969,9981,Download successful
970,9982,Download successful
971,9983,Download successful
972,9984,Download successful
973,9985,Download successful
974,9986,Download successful
975,9987,Download successful
976,9988,Download successful
977,9989,Download successful
978,9990,Download successful
979,9991,Download successful
980,9992,Download successful
981,9993,Download successful
982,9994,Download successful
983,9995,Download successful
984,9996,Download successful
985,9997,Download successful
986,9998,Download successful
987,9999,Download successful
988,10000,Download successful
989,10001,Download successful
990,10002,Download successful
991,10003,Download successful
992,10004,Download successful
993,10005,Download successful
994,10006,Download successful
995,10007,Download successful
996,10008,Download successful
997,10009,Download successful
998,10010,Download successful
999,10011,Download successful
1000,10012,Download successful
1001,10013,Download successful
1002,10014,Download successful
1003,10015,Download successful
1004,10016,Download successful
1005,10017,Download successful
1006,10018,Download successful
1007,10019,Download successful
1008,10020,Download successful
1009,10021,Download successful
1010,10022,Download successful
1011,10023,Download successful
1012,10024,Download successful
1013,10025,Download successful
1014,10026,Download successful
1015,10027,Download successful
1016,10028,Download successful
1017,10029,Download successful
1018,10030,Download successful
1019,10031,Download successful
1020,10032,Download successful
1021,10033,Download successful
1022,10034,Download successful
1023,10035,Download successful
1024,10036,Download successful
1025,10037,Download successful
1026,10038,Download successful
1027,10039,Download successful
1028,10040,Download successful
1029,10041,Download successful
1030,10042,Download successful
1031,10043,Download successful
1032,10044,Download successful
1033,10045,Download successful
1034,10046,Download successful
1035,10047,Download successful
1036,10048,Download successful
1037,10049,Download successful
1038,10050,Download successful
1039,10051,Download successful
1040,10052,Download successful
1041,10053,Download successful
1042,10054,Download successful
1043,10055,Download successful
1044,10056,Download successful
1045,10057,Download successful
1046,10058,Download successful
1047,10059,Download successful
1048,10060,Download successful
1049,10061,Download successful
1050,10062,Download successful
1051,10063,Download successful
1052,10064,Download successful
1053,10065,Download successful
1054,10066,Download successful
1055,10067,Download successful
1056,10068,Download successful
1057,10069,Download successful
1058,10070,Download successful
1059,10071,Download successful
1060,10072,Download successful
1061,10073,Download successful
1062,10074,Download successful
1063,10075,Download successful
1064,10076,Download successful
1065,10077,Download successful
1066,10078,Download successful
1067,10079,Download successful
1068,10080,Download successful
1069,10081,Download successful
1070,10082,Download successful
1071,10083,Download successful
1072,10084,Download successful
1073,10085,Download successful
1074,10086,Download successful
1075,10087,Download successful
1076,10088,Download successful
1077,10089,Download successful
1078,10090,Download successful
1079,10091,Download successful
1080,10092,Download successful
1081,10093,Download successful
1082,10094,Download successful
1083,10095,Download successful
1084,10096,Download successful
1085,10097,Download successful
1086,10098,Download successful
1087,10099,Download successful
1088,10100,Download successful
1089,10101,Download successful
1090,10102,Download successful
1091,10103,Download successful
1092,10104,Download successful
1093,10105,Download successful
1094,10106,Download successful
1095,10107,Download successful
1096,10108,Download successful
1097,10109,Download successful
1098,10110,Download successful
1099,10111,Download successful
1100,10112,Download successful
1101,10113,Download successful
1102,10114,Download successful
1103,10115,Download successful
1104,10116,Download successful
1105,10117,Download successful
1106,10118,Download successful
1107,10119,Download successful
1108,10120,Download successful
1109,10121,Download successful
1110,10122,Download successful
1111,10123,Download successful
1112,10124,Download successful
1113,10125,Download successful
1114,10126,Download successful
1115,10127,Download successful
1116,10128,Download successful
1117,10129,Download successful
1118,10130,Download successful
1119,10131,Download successful
1120,10132,Download successful
1121,10133,Download successful
1122,10134,Download successful
1123,10135,Download successful
1124,10136,Download successful
1125,10137,Download successful
1126,10138,Download successful
1127,10139,Download successful
1128,10140,Download successful
1129,10141,Download successful
1130,10142,Download successful
1131,10143,Download successful
1132,10144,Download successful
1133,10145,Download successful
1134,10146,Download successful
1135,10147,Download successful
1136,10148,Download successful
1137,10149,Download successful
1138,10150,Download successful
1139,10151,Download successful
1140,10152,Download successful
1141,10153,Download successful
1142,10154,Download successful
1143,10155,Download successful
1144,10156,Download successful
1145,10157,Download successful
1146,10158,Download successful
1147,10159,Download successful
1148,10160,Download successful
1149,10161,Download successful
1150,10162,Download successful
1151,10163,Download successful
1152,10164,Download successful
1153,10165,Download successful
1154,10166,Download successful
1155,10167,Download successful
1156,10168,Download successful
1157,10169,Download successful
1158,10170,Download successful
1159,10171,Download successful
1160,10172,Download successful
1161,10173,Download successful
1162,10174,Download successful
1163,10175,Download successful
1164,10176,Download successful
1165,10177,Download successful
1166,10178,Download successful
1167,10179,Download successful
1168,10180,Download successful
1169,10181,Download successful
1170,10182,Download successful
1171,10183,Download successful
1172,10184,Download successful
1173,10185,Download successful
1174,10186,Download successful
1175,10187,Download successful
1176,10188,Download successful
1177,10189,Download successful
1178,10190,Download successful
1179,10191,Download successful
1180,10192,Download successful
1181,10193,Download successful
1182,10194,Download successful
1183,10195,Download successful
1184,10196,Download successful
1185,10197,Download successful
1186,10198,Download successful
1187,10199,Download successful
1188,10200,Download successful
1189,10201,Download successful
1190,10202,Download successful
1191,10203,Download successful
1192,10204,Download successful
1193,10205,Download successful
1194,10206,Download successful
1195,10207,Download successful
1196,10208,Download successful
1197,10209,Download successful
1198,10210,Download successful
1199,10211,Download successful
1200,10212,Download successful
1201,10213,Download successful
1202,10214,Download successful
1203,10215,Download successful
1204,10216,Download successful
1205,10217,Download successful
1206,10218,Download successful
1207,10219,Download successful
1208,10220,Download successful
1209,10221,Download failed: timeoutException
1210,10222,Download successful
1211,10223,Download successful
1212,10224,Download successful
1213,10225,Download successful
1214,10226,Download successful
1215,10227,Download successful
1216,10228,Download successful
1217,10229,Download successful
1218,10230,Download successful
1219,10231,Download successful
1220,10232,Download successful
1221,10233,Download successful
1222,10234,Download successful
1223,10235,Download successful
1224,10236,Download successful
1225,10237,Download successful
1226,10238,Download successful
1227,10239,Download successful
1228,10240,Download successful
1229,10241,Download successful
1230,10242,Download successful
1231,10243,Download successful
1232,10244,Download successful
1233,10245,Download successful
1234,10246,Download successful
1235,10247,Download successful
1236,10248,Download successful
1237,10249,Download successful
1238,10250,Download successful
1239,10251,Download successful
1240,10252,Download successful
1241,10253,Download successful
1242,10254,Download successful
1243,10255,Download successful
1244,10256,Download successful
1245,10257,Download successful
1246,10258,Download successful
1247,10259,Download successful
1248,10260,Download successful
1249,10261,Download successful
1250,10262,Download successful
1251,10263,Download successful
1252,10264,Download successful
1253,10265,Download successful
1254,10266,Download successful
1255,10267,Download successful
1256,10268,Download successful
1257,10269,Download successful
1258,10270,Download successful
1259,10271,Download successful
1260,10272,Download successful
1261,10273,Download successful
1262,10274,Download successful
1263,10275,Download successful
1264,10276,Download successful
1265,10277,Download successful
1266,10278,Download successful
1267,10279,Download successful
1268,10280,Download successful
1269,10281,Download successful
1270,10282,Download successful
1271,10283,Download successful
1272,10284,Download successful
1273,10285,Download successful
1274,10286,Download successful
1275,10287,Download successful
1276,10288,Download successful
1277,10289,Download successful
1278,10290,Download successful
1279,10291,Download successful
1280,10292,Download successful
1281,10293,Download successful
1282,10294,Download successful
1283,10295,Download successful
1284,10296,Download successful
1285,10297,Download successful
1286,10298,Download successful
1287,10299,Download successful
1288,10300,Download successful
1289,10301,Download successful
1290,10302,Download successful
1291,10303,Download successful
1292,10304,Download successful
1293,10305,Download successful
1294,10306,Download successful
1295,10307,Download successful
1296,10308,Download successful
1297,10309,Download successful
1298,10310,Download successful
1299,10311,Download successful
1300,10312,Download successful
1301,10313,Download successful
1302,10314,Download successful
1303,10315,Download successful
1304,10316,Download successful
1305,10317,Download successful
1306,10318,Download successful
1307,10319,Download successful
1308,10320,Download successful
1309,10321,Download successful
1310,10322,Download successful
1311,10323,Download successful
1312,10324,Download successful
1313,10325,Download successful
1314,10326,Download successful
1315,10327,Download successful
1316,10328,Download successful
1317,10329,Download successful
1318,10330,Download successful
1319,10331,Download successful
1320,10332,Download successful
1321,10333,Download successful
1322,10334,Download successful
1323,10335,Download successful
1324,10336,Download successful
1325,10337,Download successful
1326,10338,Download successful
1327,10339,Download successful
1328,10340,Download successful
1329,10341,Download successful
1330,10342,Download successful
1331,10343,Download successful
1332,10344,Download successful
1333,10345,Download successful
1334,10346,Download successful
1335,10347,Download successful
1336,10348,Download successful
1337,10349,Download successful
1338,10350,Download successful
1339,10351,Download successful
1340,10352,Download successful
1341,10353,Download successful
1342,10354,Download successful
1343,10355,Download successful
1344,10356,Download successful
1345,10357,Download successful
1346,10358,Download successful
1347,10359,Download successful
1348,10360,Download successful
1349,10361,Download successful
1350,10362,Download successful
1351,10363,Download successful
1352,10364,Download successful
1353,10365,Download successful
1354,10366,Download successful
1355,10367,Download successful
1356,10368,Download successful
1357,10369,Download successful
1358,10370,Download successful
1359,10371,Download successful
1360,10372,Download successful
1361,10373,Download successful
1362,10374,Download successful
1363,10375,Download successful
1364,10376,Download successful
1365,10377,Download successful
1366,10378,Download successful
1367,10379,Download successful
1368,10380,Download successful
1369,10381,Download successful
1370,10382,Download successful
1371,10383,Download successful
1372,10384,Download successful
1373,10385,Download successful
1374,10386,Download successful
1375,10387,Download successful
1376,10388,Download successful
1377,10389,Download successful
1378,10390,Download successful
1379,10391,Download successful
1380,10392,Download successful
1381,10393,Download successful
1382,10394,Download successful
1383,10395,Download successful
1384,10396,Download successful
1385,10397,Download successful
1386,10398,Download successful
1387,10399,Download successful
1388,10400,Download successful
1389,10401,Download successful
1390,10402,Download successful
1391,10403,Download successful
1392,10404,Download successful
1393,10405,Download successful
1394,10406,Download successful
1395,10407,Download successful
1396,10408,Download successful
1397,10409,Download successful
1398,10410,Download successful
1399,10411,Download successful
1400,10412,Download successful
1401,10413,Download successful
1402,10414,Download successful
1403,10415,Download successful
1404,10416,Download successful
1405,10417,Download successful
1406,10418,Download successful
1407,10419,Download successful
1408,10420,Download successful
1409,10421,Download successful
1410,10422,Download successful
1411,10423,Download successful
1412,10424,Download successful
1413,10425,Download successful
1414,10426,Download successful
1415,10427,Download successful
1416,10428,Download successful
1417,10429,Download successful
1418,10430,Download successful
1419,10431,Download successful
1420,10432,Download successful
1421,10433,Download successful
1422,10434,Download successful
1423,10435,Download successful
1424,10436,Download successful
1425,10437,Download successful
1426,10438,Download successful
1427,10439,Download successful
1428,10440,Download successful
1429,10441,Download successful
1430,10442,Download successful
1431,10443,Download successful
1432,10444,Download successful
1433,10445,Download successful
1434,10446,Download successful
1435,10447,Download successful
1436,10448,Download successful
1437,10449,Download successful
1438,10450,Download successful
1439,10451,Download successful
1440,10452,Download successful
1441,10453,Download successful
1442,10454,Download successful
1443,10455,Download successful
1444,10456,Download successful
1445,10457,Download successful
1446,10458,Download successful
1447,10459,Download successful
1448,10460,Download successful
1449,10461,Download successful
1450,10462,Download successful
1451,10463,Download successful
1452,10464,Download successful
1453,10465,Download successful
1454,10466,Download successful
1455,10467,Download successful
1456,10468,Download successful
1457,10469,Download successful
1458,10470,Download successful
1459,10471,Download successful
1460,10472,Download successful
1461,10473,Download successful
1462,10474,Download successful
1463,10475,Download successful
1464,10476,Download successful
1465,10477,Download successful
1466,10478,Download successful
1467,10479,Download successful
1468,10480,Download successful
1469,10481,Download successful
1470,10482,Download successful
1471,10483,Download successful
1472,10484,Download successful
1473,10485,Download successful
1474,10486,Download successful
1475,10487,Download successful
1476,10488,Download successful
1477,10489,Download successful
1478,10490,Download successful
1479,10491,Download successful
1480,10492,Download successful
1481,10493,Download successful
1482,10494,Download successful
1483,10495,Download successful
1484,10496,Download successful
1485,10497,Download successful
1486,10498,Download successful
1487,10499,Download successful
1488,10500,Download successful
1489,10501,Download successful
1490,10502,Download successful
1491,10503,Download successful
1492,10504,Download successful
1493,10505,Download successful
1494,10506,Download successful
1495,10507,Download successful
1496,10508,Download successful
1497,10509,Download successful
1498,10510,Download successful
1499,10511,Download successful
1500,10512,Download successful
1501,10513,Download successful
1502,10514,Download successful
1503,10515,Download successful
1504,10516,Download successful
1505,10517,Download successful
1506,10518,Download successful
1507,10519,Download successful
1508,10520,Download successful
1509,10521,Download successful
1510,10522,Download successful
1511,10523,Download successful
1512,10524,Download successful
1513,10525,Download successful
1514,10526,Download successful
1515,10527,Download successful
1516,10528,Download successful
1517,10529,Download successful
1518,10530,Download successful
1519,10531,Download successful
1520,10532,Download successful
1521,10533,Download successful
1522,10534,Download successful
1523,10535,Download successful
1524,10536,Download successful
1525,10537,Download successful
1526,10538,Download successful
1527,10539,Download successful
1528,10540,Download successful
1529,10541,Download successful
1530,10542,Download successful
1531,10543,Download successful
1532,10544,Download successful
1533,10545,Download successful
1534,10546,Download successful
1535,10547,Download successful
1536,10548,Download successful
1537,10549,Download successful
1538,10550,Download successful
1539,10551,Download successful
1540,10552,Download successful
1541,10553,Download successful
1542,10554,Download successful
1543,10555,Download successful
1544,10556,Download successful
1545,10557,Download successful
1546,10558,Download successful
1547,10559,Download successful
1548,10560,Download successful
1549,10561,Download successful
1550,10562,Download successful
1551,10563,Download successful
1552,10564,Download successful
1553,10565,Download successful
1554,10566,Download successful
1555,10567,Download successful
1556,10568,Download successful
1557,10569,Download successful
1558,10570,Download successful
1559,10571,Download successful
1560,10572,Download successful
1561,10573,Download successful
1562,10574,Download successful
1563,10575,Download successful
1564,10576,Download successful
1565,10577,Download successful
1566,10578,Download successful
1567,10579,Download successful
1568,10580,Download successful
1569,10581,Download successful
1570,10582,Download successful
1571,10583,Download successful
1572,10584,Download successful
1573,10585,Download successful
1574,10586,Download successful
1575,10587,Download successful
1576,10588,Download successful
1577,10589,Download successful
1578,10590,Download successful
1579,10591,Download successful
1580,10592,Download successful
1581,10593,Download successful
1582,10594,Download successful
1583,10595,Download successful
1584,10596,Download successful
1585,10597,Download successful
1586,10598,Download successful
1587,10599,Download successful
1588,10600,Download successful
1589,10601,Download successful
1590,10602,Download successful
1591,10603,Download successful
1592,10604,Download successful
1593,10605,Download successful
1594,10606,Download successful
1595,10607,Download successful
1596,10608,Download successful
1597,10609,Download successful
1598,10610,Download successful
1599,10611,Download successful
1600,10612,Download successful
1601,10613,Download successful
1602,10614,Download successful
1603,10615,Download successful
1604,10616,Download successful
1605,10617,Download successful
1606,10618,Download successful
1607,10619,Download successful
1608,10620,Download successful
1609,10621,Download successful
1610,10622,Download successful
1611,10623,Download successful
1612,10624,Download successful
1613,10625,Download successful
1614,10626,Download successful
1615,10627,Download successful
1616,10628,Download successful
1617,10629,Download successful
1618,10630,Download successful
1619,10631,Download successful
1620,10632,Download successful
1621,10633,Download successful
1622,10634,Download successful
1623,10635,Download successful
1624,10636,Download successful
1625,10637,Download successful
1626,10638,Download successful
1627,10639,Download successful
1628,10640,Download successful
1629,10641,Download successful
1630,10642,Download successful
1631,10643,Download successful
1632,10644,Download successful
1633,10645,Download successful
1634,10646,Download successful
1635,10647,Download successful
1636,10648,Download successful
1637,10649,Download successful
1638,10650,Download successful
1639,10651,Download successful
1640,10652,Download successful
1641,10653,Download successful
1642,10654,Download successful
1643,10655,Download successful
1644,10656,Download successful
1645,10657,Download successful
1646,10658,Download successful
1647,10659,Download successful
1648,10660,Download successful
1649,10661,Download successful
1650,10662,Download successful
1651,10663,Download successful
1652,10664,Download successful
1653,10665,Download successful
1654,10666,Download successful
1655,10667,Download successful
1656,10668,Download successful
1657,10669,Download successful
1658,10670,Download successful
1659,10671,Download successful
1660,10672,Download successful
1661,10673,Download successful
1662,10674,Download successful
1663,10675,Download successful
1664,10676,Download successful
1665,10677,Download successful
1666,10678,Download successful
1667,10679,Download successful
1668,10680,Download successful
1669,10681,Download successful
1670,10682,Download successful
1671,10683,Download successful
1672,10684,Download successful
1673,10685,Download successful
1674,10686,Download successful
1675,10687,Download successful
1676,10688,Download successful
1677,10689,Download successful
1678,10690,Download successful
1679,10691,Download successful
1680,10692,Download successful
1681,10693,Download successful
1682,10694,Download successful
1683,10695,Download successful
1684,10696,Download successful
1685,10697,Download successful
1686,10698,Download successful
1687,10699,Download successful
1688,10700,Download successful
1689,10701,Download successful
1690,10702,Download successful
1691,10703,Download successful
1692,10704,Download successful
1693,10705,Download successful
1694,10706,Download successful
1695,10707,Download successful
1696,10708,Download successful
1697,10709,Download successful
1698,10710,Download successful
1699,10711,Download successful
1700,10712,Download successful
1701,10713,Download successful
1702,10714,Download successful
1703,10715,Download successful
1704,10716,Download successful
1705,10717,Download successful
1706,10718,Download successful
1707,10719,Download successful
1708,10720,Download successful
1709,10721,Download successful
1710,10722,Download successful
1711,10723,Download successful
1712,10724,Download successful
1713,10725,Download successful
1714,10726,Download successful
1715,10727,Download successful
1716,10728,Download successful
1717,10729,Download successful
1718,10730,Download successful
1719,10731,Download successful
1720,10732,Download successful
1721,10733,Download successful
1722,10734,Download successful
1723,10735,Download successful
1724,10736,Download successful
1725,10737,Download successful
1726,10738,Download successful
1727,10739,Download successful
1728,10740,Download successful
1729,10741,Download successful
1730,10742,Download successful
1731,10743,Download successful
1732,10744,Download successful
1733,10745,Download successful
1734,10746,Download successful
1735,10747,Download successful
1736,10748,Download successful
1737,10749,Download successful
1738,10750,Download successful
1739,10751,Download successful
1740,10752,Download successful
1741,10753,Download successful
1742,10754,Download successful
1743,10755,Download successful
1744,10756,Download successful
1745,10757,Download successful
1746,10758,Download successful
1747,10759,Download successful
1748,10760,Download successful
1749,10761,Download successful
1750,10762,Download successful
1751,10763,Download successful
1752,10764,Download successful
1753,10765,Download successful
1754,10766,Download successful
1755,10767,Download successful
1756,10768,Download successful
1757,10769,Download successful
1758,10770,Download successful
1759,10771,Download successful
1760,10772,Download successful
1761,10773,Download successful
1762,10774,Download successful
1763,10775,Download successful
1764,10776,Download successful
1765,10777,Download successful
1766,10778,Download successful
1767,10779,Download successful
1768,10780,Download successful
1769,10781,Download successful
1770,10782,Download successful
1771,10783,Download successful
1772,10784,Download successful
1773,10785,Download successful
1774,10786,Download successful
1775,10787,Download successful
1776,10788,Download successful
1777,10789,Download successful
1778,10790,Download successful
1779,10791,Download successful
1780,10792,Download successful
1781,10793,Download successful
1782,10794,Download successful
1783,10795,Download successful
1784,10796,Download successful
1785,10797,Download successful
1786,10798,Download successful
1787,10799,Download successful
1788,10800,Download successful
1789,10801,Download successful
1790,10802,Download successful
1791,10803,Download successful
1792,10804,Download successful
1793,10805,Download successful
1794,10806,Download successful
1795,10807,Download successful
1796,10808,Download successful
1797,10809,Download successful
1798,10810,Download successful
1799,10811,Download successful
1800,10812,Download successful
1801,10813,Download successful
1802,10814,Download successful
1803,10815,Download successful
1804,10816,Download successful
1805,10817,Download successful
1806,10818,Download successful
1807,10819,Download successful
1808,10820,Download successful
1809,10821,Download successful
1810,10822,Download successful
1811,10823,Download successful
1812,10824,Download successful
1813,10825,Download successful
1814,10826,Download successful
1815,10827,Download successful
1816,10828,Download successful
1817,10829,Download successful
1818,10830,Download successful
1819,10831,Download successful
1820,10832,Download successful
1821,10833,Download successful
1822,10834,Download successful
1823,10835,Download successful
1824,10836,Download successful
1825,10837,Download successful
1826,10838,Download successful
1827,10839,Download successful
1828,10840,Download successful
1829,10841,Download successful
1830,10881,Download successful
1831,10842,Download successful
1832,10843,Download successful
1833,10844,Download successful
1834,10845,Download successful
1835,10846,Download successful
1836,10847,Download successful
1837,10848,Download successful
1838,10849,Download successful
1839,10850,Download successful
1840,10851,Download successful
1841,10852,Download successful
1842,10853,Download successful
1843,10854,Download successful
1844,10855,Download successful
1845,10856,Download successful
1846,10857,Download successful
1847,10858,Download successful
1848,10859,Download successful
1849,10860,Download successful
1850,10861,Download successful
1851,10862,Download successful
1852,10863,Download successful
1853,10864,Download successful
1854,10865,Download successful
1855,10866,Download successful
1856,10867,Download successful
1857,10868,Download successful
1858,10869,Download successful
1859,10870,Download successful
1860,10871,Download successful
1861,10872,Download successful
1862,10873,Download successful
1863,10874,Download successful
1864,10875,Download successful
1865,10876,Download successful
1866,10877,Download successful
1867,10878,Download successful
1868,10879,Download successful
1869,10880,Download successful
1870,10882,Download successful
1871,10883,Download successful
1872,10884,Download successful
1873,10885,Download successful
1874,10886,Download successful
1875,10887,Download successful
1876,10888,Download successful
1877,10889,Download successful
1878,10890,Download successful
1879,10891,Download successful
1880,10892,Download successful
1881,10893,Download successful
1882,10894,Download successful
1883,10895,Download successful
1884,10896,Download successful
1885,10897,Download successful
1886,10898,Download successful
1887,10899,Download successful
1888,10900,Download successful
1889,10901,Download successful
1890,10902,Download successful
1891,10903,Download successful
1892,10904,Download successful
1893,10905,Download successful
1894,10906,Download successful
1895,10907,Download successful
1896,10908,Download successful
1897,10909,Download successful
1898,10910,Download successful
1899,10911,Download successful
1900,10912,Download successful
1901,10913,Download successful
1902,10914,Download successful
1903,10915,Download successful
1904,10916,Download successful
1905,10917,Download successful
1906,10918,Download successful
1907,10919,Download successful
1908,10920,Download successful
1909,10921,Download successful
1910,10922,Download successful
1911,10923,Download successful
1912,10924,Download successful
1913,10925,Download successful
1914,10926,Download successful
1915,10927,Download successful
1916,10928,Download successful
1917,10929,Download successful
1918,10930,Download successful
1919,10931,Download successful
1920,10932,Download successful
1921,10933,Download successful
1922,10934,Download successful
1923,10935,Download successful
1924,10936,Download successful
1925,10937,Download successful
1926,10938,Download successful
1927,10939,Download successful
1928,10940,Download successful
1929,10941,Download successful
1930,10942,Download successful
1931,10943,Download successful
1932,10944,Download successful
1933,10945,Download successful
1934,10946,Download successful
1935,10947,Download successful
1936,10948,Download successful
1937,10949,Download successful
1938,10950,Download successful
1939,10951,Download successful
1940,10952,Download successful
1941,10953,Download successful
1942,10954,Download successful
1943,10955,Download successful
1944,10956,Download successful
1945,10957,Download successful
1946,10958,Download successful
1947,10959,Download successful
1948,10960,Download successful
1949,10961,Download successful
1950,10962,Download successful
1951,10963,Download successful
1952,10964,Download successful
1953,10965,Download successful
1954,10966,Download successful
1955,10967,Download successful
1956,10968,Download successful
1957,10969,Download successful
1958,10970,Download successful
1959,10971,Download successful
1960,10972,Download successful
1961,10973,Download successful
1962,10974,Download successful
1963,10975,Download successful
1964,10976,Download successful
1965,10977,Download successful
1966,10978,Download successful
1967,10979,Download successful
1968,10980,Download successful
1969,10981,Download successful
1970,10982,Download successful
1971,10983,Download successful
1972,10984,Download successful
1973,10985,Download successful
1974,10986,Download successful
1975,10987,Download successful
1976,10988,Download successful
1977,10989,Download successful
1978,10990,Download successful
1979,10991,Download successful
1980,10992,Download successful
1981,10993,Download successful
1982,10994,Download successful
1983,10995,Download successful
1984,10996,Download successful
1985,10997,Download successful
1986,10998,Download successful
1987,10999,Download successful
1988,11000,Download successful
1989,11001,Download successful
1990,11002,Download successful
1991,11003,Download successful
1992,11004,Download successful
1993,11005,Download successful
1994,11006,Download successful
1995,11007,Download successful
1996,11008,Download successful
1997,11009,Download successful
1998,11010,Download successful
1999,11011,Download successful
2000,11012,Download successful
2001,11013,Download successful
2002,11014,Download successful
2003,11015,Download successful
2004,11016,Download successful
2005,11017,Download successful
2006,11018,Download successful
2007,11019,Download successful
2008,11020,Download successful
2009,11021,Download successful
2010,11022,Download successful
2011,11023,Download successful
2012,11024,Download successful
2013,11025,Download successful
2014,11026,Download successful
2015,11027,Download successful
2016,11028,Download successful
2017,11029,Download successful
2018,11030,Download successful
2019,11031,Download successful
2020,11032,Download successful
2021,11033,Download successful
2022,11034,Download successful
2023,11035,Download successful
2024,11036,Download successful
2025,11037,Download successful
2026,11038,Download successful
2027,11039,Download successful
2028,11040,Download successful
2029,11041,Download successful
2030,11042,Download successful
2031,11043,Download successful
2032,11044,Download successful
2033,11045,Download successful
2034,11046,Download successful
2035,11047,Download successful
2036,11048,Download successful
2037,11049,Download successful
2038,11050,Download successful
2039,11051,Download successful
2040,11052,Download successful
2041,11053,Download successful
2042,11054,Download successful
2043,11055,Download successful
2044,11056,Download successful
2045,11057,Download successful
2046,11058,Download successful
2047,11059,Download successful
2048,11060,Download successful
2049,11061,Download successful
2050,11062,Download successful
2051,11063,Download successful
2052,11064,Download successful
2053,11065,Download successful
2054,11066,Download successful
2055,11067,Download successful
2056,11068,Download successful
2057,11069,Download successful
2058,11070,Download successful
2059,11071,Download successful
2060,11072,Download successful
2061,11073,Download successful
2062,11074,Download successful
2063,11075,Download successful
2064,11076,Download successful
2065,11077,Download successful
2066,11078,Download successful
2067,11079,Download successful
2068,11080,Download successful
2069,11081,Download successful
2070,11082,Download successful
2071,11083,Download successful
2072,11084,Download successful
2073,11085,Download successful
2074,11086,Download successful
2075,11087,Download successful
2076,11088,Download successful
2077,11089,Download successful
2078,11090,Download successful
2079,11091,Download successful
2080,11092,Download successful
2081,11093,Download successful
2082,11094,Download successful
2083,11095,Download successful
2084,11096,Download successful
2085,11097,Download successful
2086,11098,Download successful
2087,11099,Download successful
2088,11100,Download successful
2089,11101,Download successful
2090,11102,Download successful
2091,11103,Download successful
2092,11104,Download successful
2093,11105,Download successful
2094,11106,Download successful
2095,11107,Download successful
2096,11108,Download successful
2097,11109,Download successful
2098,11110,Download successful
2099,11111,Download successful
2100,11112,Download successful
2101,11113,Download successful
2102,11114,Download successful
2103,11115,Download successful
2104,11116,Download successful
2105,11117,Download successful
2106,11118,Download successful
2107,11119,Download successful
2108,11120,Download successful
2109,11121,Download successful
2110,11122,Download successful
2111,11123,Download successful
2112,11124,Download successful
2113,11125,Download successful
2114,11126,Download successful
2115,11127,Download successful
2116,11128,Download successful
2117,11129,Download successful
2118,11130,Download successful
2119,11131,Download successful
2120,11132,Download successful
2121,11133,Download successful
2122,11134,Download successful
2123,11135,Download successful
2124,11136,Download successful
2125,11137,Download successful
2126,11138,Download successful
2127,11139,Download successful
2128,11140,Download successful
2129,11141,Download successful
2130,11142,Download successful
2131,11143,Download successful
2132,11144,Download successful
2133,11145,Download successful
2134,11146,Download successful
2135,11147,Download successful
2136,11148,Download successful
2137,11149,Download successful
2138,11150,Download successful
2139,11151,Download successful
2140,11152,Download successful
2141,11153,Download successful
2142,11154,Download successful
2143,11155,Download successful
2144,11156,Download successful
2145,11157,Download successful
2146,11158,Download successful
2147,11159,Download successful
2148,11160,Download successful
2149,11161,Download successful
2150,11162,Download successful
2151,11163,Download successful
2152,11164,Download successful
2153,11165,Download successful
2154,11166,Download successful
2155,11167,Download successful
2156,11168,Download successful
2157,11169,Download successful
2158,11170,Download successful
2159,11171,Download successful
2160,11172,Download successful
2161,11173,Download successful
2162,11174,Download successful
2163,11175,Download successful
2164,11176,Download successful
2165,11177,Download successful
2166,11178,Download successful
2167,11179,Download successful
2168,11180,Download successful
2169,11181,Download successful
2170,11182,Download successful
2171,11183,Download successful
2172,11184,Download successful
2173,11185,Download successful
2174,11186,Download successful
2175,11187,Download successful
2176,11188,Download successful
2177,11189,Download successful
2178,11190,Download successful
2179,11191,Download successful
2180,11192,Download successful
2181,11193,Download successful
2182,11194,Download successful
2183,11195,Download successful
2184,11196,Download successful
2185,11197,Download successful
2186,11198,Download successful
2187,11199,Download successful
2188,11200,Download successful
2189,11201,Download successful
2190,11202,Download successful
2191,11203,Download successful
2192,11204,Download successful
2193,11205,Download successful
2194,11206,Download successful
2195,11207,Download successful
2196,11208,Download successful
2197,11209,Download successful
2198,11210,Download successful
2199,11211,Download successful
2200,11212,Download successful
2201,11213,Download successful
2202,11214,Download successful
2203,11215,Download successful
2204,11216,Download successful
2205,11217,Download successful
2206,11218,Download successful
2207,11219,Download successful
2208,11220,Download successful
2209,11221,Download successful
2210,11222,Download successful
2211,11223,Download successful
2212,11224,Download successful
2213,11225,Download successful
2214,11226,Download successful
2215,11227,Download successful
2216,11228,Download successful
2217,11229,Download successful
2218,11230,Download successful
2219,11231,Download successful
2220,11232,Download successful
2221,11233,Download successful
2222,11234,Download successful
2223,11235,Download successful
2224,11236,Download successful
2225,11237,Download successful
2226,11238,Download successful
2227,11239,Download successful
2228,11240,Download successful
2229,11241,Download successful
2230,11242,Download successful
2231,11243,Download successful
2232,11244,Download successful
2233,11245,Download successful
2234,11246,Download successful
2235,11247,Download successful
2236,11248,Download successful
2237,11249,Download successful
2238,11250,Download successful
2239,11251,Download successful
2240,11252,Download successful
2241,11253,Download successful
2242,11254,Download successful
2243,11255,Download successful
2244,11256,Download successful
2245,11257,Download successful
2246,11258,Download successful
2247,11259,Download successful
2248,11260,Download successful
2249,11261,Download successful
2250,11262,Download successful
2251,11263,Download successful
2252,11264,Download successful
2253,11265,Download successful
2254,11266,Download successful
2255,11267,Download successful
2256,11268,Download successful
2257,11269,Download successful
2258,11270,Download successful
2259,11271,Download successful
2260,11272,Download successful
2261,11273,Download successful
2262,11274,Download successful
2263,11275,Download successful
2264,11276,Download successful
2265,11277,Download successful
2266,11278,Download successful
2267,11279,Download successful
2268,11280,Download successful
2269,11281,Download successful
2270,11282,Download successful
2271,11283,Download successful
2272,11284,Download successful
2273,11285,Download successful
2274,11286,Download successful
2275,11287,Download successful
2276,11288,Download successful
2277,11289,Download successful
2278,11290,Download successful
2279,11291,Download successful
2280,11292,Download successful
2281,11293,Download successful
2282,11294,Download successful
2283,11295,Download successful
2284,11296,Download successful
2285,11297,Download successful
2286,11298,Download successful
2287,11299,Download successful
2288,11300,Download successful
2289,11301,Download successful
2290,11302,Download successful
2291,11303,Download successful
2292,11304,Download successful
2293,11305,Download successful
2294,11306,Download successful
2295,11307,Download successful
2296,11308,Download successful
2297,11309,Download successful
2298,11310,Download successful
2299,11311,Download successful
2300,11312,Download successful
2301,11313,Download successful
2302,11314,Download successful
2303,11315,Download successful
2304,11316,Download successful
2305,11317,Download successful
2306,11318,Download successful
2307,11319,Download successful
2308,11320,Download successful
2309,11321,Download successful
2310,11322,Download successful
2311,11323,Download successful
2312,11324,Download successful
2313,11325,Download successful
2314,11326,Download successful
2315,11327,Download successful
2316,11328,Download successful
2317,11329,Download successful
2318,11330,Download successful
2319,11331,Download successful
2320,11332,Download successful
2321,11333,Download successful
2322,11334,Download failed: timeoutException
2323,11335,Download successful
2324,11336,Download successful
2325,11337,Download successful
2326,11338,Download successful
2327,11339,Download successful
2328,11340,Download successful
2329,11341,Download successful
2330,11342,Download successful
2331,11343,Download failed: timeoutException
2332,11344,Download successful
2333,11345,Download successful
2334,11346,Download successful
2335,11347,Download successful
2336,11348,Download successful
2337,11349,Download successful
2338,11350,Download successful
2339,11351,Download successful
2340,11352,Download successful
2341,11353,Download successful
2342,11354,Download successful
2343,11355,Download successful
2344,11356,Download successful
2345,11357,Download successful
2346,11358,Download failed: timeoutException
2347,11359,Download successful
2348,11360,Download successful
2349,11361,Download successful
2350,11362,Download successful
2351,11363,Download successful
2352,11364,Download successful
2353,11365,Download successful
2354,11366,Download failed: timeoutException
2355,11367,Download successful
2356,11368,Download failed: timeoutException
2357,11369,Download successful
2358,11370,Download successful
2359,11371,Download successful
2360,11372,Download successful
2361,11373,Download failed: timeoutException
2362,11374,Download successful
2363,11375,Download successful
2364,11376,Download successful
2365,11377,Download successful
2366,11378,Download failed: timeoutException
2367,11379,Download successful
2368,11380,Download successful
2369,11381,Download successful
2370,11382,Download successful
2371,11383,Download failed: timeoutException
2372,11384,Download successful
2373,11385,Download successful
2374,11386,Download successful
2375,11387,Download successful
2376,11388,Download successful
2377,11389,Download successful
2378,11390,Download successful
2379,11391,Download successful
2380,11392,Download successful
2381,11393,Download successful
2382,11394,Download successful
2383,11395,Download successful
2384,11396,Download successful
2385,11397,Download failed: timeoutException
2386,11398,Download successful
2387,11399,Download failed: timeoutException
2388,11400,Download successful
2389,11401,Download successful
2390,11402,Download successful
2391,11403,Download successful
2392,11404,Download successful
2393,11405,Download successful
2394,11406,Download successful
2395,11407,Download successful
2396,11408,Download failed: timeoutException
2397,11409,Download successful
2398,11410,Download successful
2399,11411,Download successful
2400,11412,Download successful
2401,11413,Download successful
2402,11414,Download successful
2403,11415,Download successful
2404,11416,Download successful
2405,11417,Download successful
2406,11418,Download successful
2407,11419,Download successful
2408,11420,Download successful
2409,11421,Download successful
2410,11422,Download failed: timeoutException
2411,11423,Download successful
2412,11424,Download successful
2413,11425,Download successful
2414,11426,Download successful
2415,11427,Download successful
2416,11428,Download successful
2417,11429,Download successful
2418,11430,Download successful
2419,11431,Download successful
2420,11432,Download successful
2421,11433,Download successful
2422,11434,Download successful
2423,11435,Download successful
2424,11436,Download successful
2425,11437,Download failed: timeoutException
2426,11438,Download successful
2427,11439,Download successful
2428,11440,Download successful
2429,11441,Download successful
2430,11442,Download successful
2431,11443,Download successful
2432,11444,Download successful
2433,11445,Download successful
2434,11446,Download successful
2435,11447,Download successful
2436,11448,Download successful
2437,11449,Download successful
2438,11450,Download successful
2439,11451,Download successful
2440,11452,Download successful
2441,11453,Download successful
2442,11454,Download successful
2443,11455,Download successful
2444,11456,Download successful
2445,11457,Download successful
2446,11458,Download successful
2447,11459,Download successful
2448,11460,Download successful
2449,11461,Download successful
2450,11462,Download successful
2451,11463,Download successful
2452,11464,Download successful
2453,11465,Download successful
2454,11466,Download successful
2455,11467,Download successful
2456,11468,Download successful
2457,11469,Download successful
2458,11470,Download successful
2459,11471,Download successful
2460,11472,Download successful
2461,11473,Download successful
2462,11474,Download successful
2463,11475,Download successful
2464,11476,Download successful
2465,11477,Download successful
2466,11478,Download successful
2467,11479,Download successful
2468,11480,Download successful
2469,11481,Download successful
2470,11482,Download successful
2471,11483,Download successful
2472,11484,Download successful
2473,11485,Download successful
2474,11486,Download successful
2475,11487,Download successful
2476,11488,Download successful
2477,11489,Download successful
2478,11490,Download successful
2479,11491,Download successful
2480,11492,Download successful
2481,11493,Download successful
2482,11494,Download successful
2483,11495,Download successful
2484,11496,Download successful
2485,11497,Download successful
2486,11498,Download successful
2487,11499,Download successful
2488,11500,Download successful
2489,11501,Download successful
2490,11502,Download successful
2491,11503,Download successful
2492,11504,Download successful
2493,11505,Download successful
2494,11506,Download successful
2495,11507,Download successful
2496,11508,Download successful
2497,11509,Download successful
2498,11510,Download successful
2499,11511,Download successful
2500,11512,Download successful
2501,11513,Download successful
2502,11514,Download successful
2503,11515,Download successful
2504,11516,Download successful
2505,11517,Download successful
2506,11518,Download successful
2507,11519,Download successful
2508,11520,Download successful
2509,11521,Download successful
2510,11522,Download successful
2511,11523,Download successful
2512,11524,Download successful
2513,11525,Download successful
2514,11526,Download successful
2515,11527,Download successful
2516,11528,Download successful
2517,11529,Download successful
2518,11530,Download successful
2519,11531,Download successful
2520,11532,Download successful
2521,11533,Download successful
2522,11534,Download successful
2523,11535,Download successful
2524,11536,Download successful
2525,11537,Download successful
2526,11538,Download successful
2527,11539,Download successful
2528,11540,Download successful
2529,11541,Download successful
2530,11542,Download successful
2531,11543,Download successful
2532,11544,Download successful
2533,11545,Download successful
2534,11546,Download successful
2535,11547,Download successful
2536,11548,Download successful
2537,11549,Download successful
2538,11550,Download successful
2539,11551,Download successful
2540,11552,Download successful
2541,11553,Download successful
2542,11554,Download successful
2543,11555,Download successful
2544,11556,Download successful
2545,11557,Download successful
2546,11558,Download successful
2547,11559,Download successful
2548,11560,Download successful
2549,11561,Download successful
2550,11562,Download successful
2551,11563,Download successful
2552,11564,Download successful
2553,11565,Download successful
2554,11566,Download successful
2555,11567,Download successful
2556,11568,Download successful
2557,11569,Download successful
2558,11570,Download successful
2559,11571,Download successful
2560,11572,Download successful
2561,11573,Download successful
2562,11574,Download successful
2563,11575,Download successful
2564,11576,Download successful
2565,11577,Download successful
2566,11578,Download successful
2567,11579,Download successful
2568,11580,Download successful
2569,11581,Download successful
2570,11582,Download successful
2571,11583,Download successful
2572,11584,Download successful
2573,11585,Download successful
2574,11586,Download successful
2575,11587,Download successful
2576,11588,Download successful
2577,11589,Download successful
2578,11590,Download successful
2579,11591,Download successful
2580,11592,Download successful
2581,11593,Download successful
2582,11594,Download successful
2583,11595,Download successful
2584,11596,Download successful
2585,11597,Download successful
2586,11598,Download successful
2587,11599,Download successful
2588,11600,Download successful
2589,11601,Download successful
2590,11602,Download successful
2591,11603,Download successful
2592,11604,Download successful
2593,11605,Download successful
2594,11606,Download successful
2595,11607,Download successful
2596,11608,Download successful
2597,11609,Download successful
2598,11610,Download successful
2599,11611,Download successful
2600,11612,Download successful
2601,11613,Download successful
2602,11614,Download successful
2603,11615,Download successful
2604,11616,Download successful
2605,11617,Download successful
2606,11618,Download successful
2607,11619,Download successful
2608,11620,Download successful
2609,11621,Download successful
2610,11622,Download successful
2611,11623,Download successful
2612,11624,Download successful
2613,11625,Download successful
2614,11626,Download successful
2615,11627,Download successful
2616,11628,Download successful
2617,11629,Download successful
2618,11630,Download successful
2619,11631,Download successful
2620,11632,Download successful
2621,11633,Download successful
2622,11634,Download successful
2623,11635,Download successful
2624,11636,Download successful
2625,11637,Download successful
2626,11638,Download successful
2627,11639,Download successful
2628,11640,Download successful
2629,11641,Download successful
2630,11642,Download successful
2631,11643,Download successful
2632,11644,Download successful
2633,11645,Download successful
2634,11646,Download successful
2635,11647,Download successful
2636,11648,Download successful
2637,11649,Download successful
2638,11650,Download successful
2639,11651,Download successful
2640,11652,Download successful
2641,11653,Download successful
2642,11654,Download successful
2643,11655,Download successful
2644,11656,Download successful
2645,11657,Download successful
2646,11658,Download successful
2647,11659,Download successful
2648,11660,Download successful
2649,11661,Download successful
2650,11662,Download successful
2651,11663,Download successful
2652,11664,Download successful
2653,11665,Download successful
2654,11666,Download successful
2655,11667,Download successful
2656,11668,Download successful
2657,11669,Download successful
2658,11670,Download successful
2659,11671,Download successful
2660,11672,Download successful
2661,11673,Download successful
2662,11674,Download successful
2663,11675,Download successful
2664,11676,Download successful
2665,11677,Download successful
2666,11678,Download successful
2667,11679,Download successful
2668,11680,Download successful
2669,11681,Download successful
2670,11682,Download successful
2671,11683,Download successful
2672,11684,Download successful
2673,11685,Download successful
2674,11686,Download successful
2675,11687,Download successful
2676,11688,Download successful
2677,11689,Download successful
2678,11690,Download successful
2679,11691,Download successful
2680,11692,Download successful
2681,11693,Download successful
2682,11694,Download successful
2683,11695,Download successful
2684,11696,Download successful
2685,11697,Download successful
2686,11698,Download successful
2687,11699,Download successful
2688,11700,Download successful
2689,11701,Download successful
2690,11702,Download successful
2691,11703,Download successful
2692,11704,Download successful
2693,11705,Download successful
2694,11706,Download successful
2695,11707,Download successful
2696,11708,Download successful
2697,11709,Download successful
2698,11710,Download successful
2699,11711,Download successful
2700,11712,Download successful
2701,11713,Download successful
2702,11714,Download successful
2703,11715,Download successful
2704,11716,Download successful
2705,11717,Download successful
2706,11718,Download successful
2707,11719,Download successful
2708,11720,Download successful
2709,11721,Download successful
2710,11722,Download successful
2711,11723,Download successful
2712,11724,Download successful
2713,11725,Download successful
2714,11726,Download successful
2715,11727,Download successful
2716,11728,Download successful
2717,11729,Download successful
2718,11730,Download successful
2719,11731,Download successful
2720,11732,Download successful
2721,11733,Download successful
2722,11734,Download successful
2723,11735,Download successful
2724,11736,Download successful
2725,11737,Download successful
2726,11738,Download successful
2727,11739,Download successful
2728,11740,Download successful
2729,11741,Download successful
2730,11742,Download successful
2731,11743,Download successful
2732,11744,Download successful
2733,11745,Download successful
2734,11746,Download successful
2735,11747,Download successful
2736,11748,Download successful
2737,11749,Download successful
2738,11750,Download successful
2739,11751,Download successful
2740,11752,Download successful
2741,11753,Download successful
2742,11754,Download successful
2743,11755,Download successful
2744,11756,Download successful
2745,11757,Download successful
2746,11758,Download successful
2747,11759,Download successful
2748,11760,Download successful
2749,11761,Download successful
2750,11762,Download successful
2751,11763,Download successful
2752,11764,Download successful
2753,11765,Download successful
2754,11766,Download successful
2755,11767,Download successful
2756,11768,Download successful
2757,11769,Download successful
2758,11770,Download successful
2759,11771,Download successful
2760,11772,Download successful
2761,11773,Download successful
2762,11774,Download successful
2763,11775,Download successful
2764,11776,Download successful
2765,11777,Download successful
2766,11778,Download successful
2767,11779,Download successful
2768,11780,Download successful
2769,11781,Download successful
2770,11782,Download successful
2771,11783,Download successful
2772,11784,Download successful
2773,11785,Download successful
2774,11786,Download successful
2775,11787,Download successful
2776,11788,Download successful
2777,11789,Download successful
2778,11790,Download successful
2779,11791,Download successful
2780,11792,Download successful
2781,11793,Download successful
2782,11794,Download successful
2783,11795,Download successful
2784,11796,Download successful
2785,11797,Download successful
2786,11798,Download successful
2787,11799,Download successful
2788,11800,Download successful
2789,11801,Download successful
2790,11802,Download successful
2791,11803,Download successful
2792,11804,Download successful
2793,11805,Download successful
2794,11806,Download successful
2795,11807,Download successful
2796,11808,Download successful
2797,11809,Download successful
2798,11810,Download successful
2799,11811,Download successful
2800,11812,Download successful
2801,11813,Download successful
2802,11814,Download successful
2803,11815,Download successful
2804,11816,Download successful
2805,11817,Download successful
2806,11818,Download successful
2807,11819,Download successful
2808,11820,Download successful
2809,11821,Download successful
2810,11822,Download successful
2811,11823,Download successful
2812,11824,Download successful
2813,11825,Download successful
2814,11826,Download successful
2815,11827,Download successful
2816,11828,Download successful
2817,11829,Download successful
2818,11830,Download successful
2819,11831,Download successful
2820,11832,Download successful
2821,11833,Download successful
2822,11834,Download successful
2823,11835,Download successful
2824,11836,Download successful
2825,11837,Download successful
2826,11838,Download successful
2827,11839,Download successful
2828,11840,Download successful
2829,11841,Download successful
2830,11842,Download successful
2831,11843,Download successful
2832,11844,Download successful
2833,11845,Download successful
2834,11846,Download successful
2835,11847,Download successful
2836,11848,Download successful
2837,11849,Download successful
2838,11850,Download successful
2839,11851,Download successful
2840,11852,Download successful
2841,11853,Download successful
2842,11854,Download successful
2843,11855,Download successful
2844,11856,Download successful
2845,11857,Download successful
2846,11858,Download successful
2847,11859,Download successful
2848,11860,Download successful
2849,11861,Download successful
2850,11862,Download successful
2851,11863,Download successful
2852,11864,Download successful
2853,11865,Download successful
2854,11866,Download successful
2855,11867,Download successful
2856,11868,Download successful
2857,11869,Download successful
2858,11870,Download successful
2859,11871,Download successful
2860,11872,Download successful
2861,11873,Download successful
2862,11874,Download successful
2863,11875,Download successful
2864,11876,Download successful
2865,11877,Download successful
2866,11878,Download successful
2867,11879,Download successful
2868,11880,Download successful
2869,11881,Download successful
2870,11882,Download successful
2871,11883,Download successful
2872,11884,Download successful
2873,11885,Download successful
2874,11886,Download successful
2875,11887,Download successful
2876,11888,Download successful
2877,11889,Download successful
2878,11890,Download successful
2879,11891,Download successful
2880,11892,Download successful
2881,11893,Download successful
2882,11894,Download successful
2883,11895,Download successful
2884,11896,Download successful
2885,11897,Download successful
2886,11898,Download successful
2887,11899,Download successful
2888,11900,Download successful
2889,11901,Download successful
2890,11902,Download successful
2891,11903,Download successful
2892,11904,Download successful
2893,11905,Download successful
2894,11906,Download successful
2895,11907,Download successful
2896,11908,Download successful
2897,11909,Download successful
2898,11910,Download successful
2899,11911,Download successful
2900,11912,Download successful
2901,11913,Download successful
2902,11914,Download successful
2903,11915,Download successful
2904,11916,Download successful
2905,11917,Download successful
2906,11918,Download successful
2907,11919,Download successful
2908,11920,Download successful
2909,11921,Download successful
2910,11922,Download successful
2911,11923,Download successful
2912,11924,Download successful
2913,11925,Download successful
2914,11926,Download successful
2915,11927,Download successful
2916,11928,Download successful
2917,11929,Download successful
2918,11930,Download successful
2919,11931,Download successful
2920,11932,Download successful
2921,11933,Download successful
2922,11934,Download successful
2923,11935,Download successful
2924,11936,Download successful
2925,11937,Download successful
2926,11938,Download successful
2927,11939,Download successful
2928,11940,Download successful
2929,11941,Download successful
2930,11942,Download successful
2931,11943,Download successful
2932,11944,Download successful
2933,11945,Download successful
2934,11946,Download successful
2935,11947,Download successful
2936,11948,Download successful
2937,11949,Download successful
2938,11950,Download successful
2939,11951,Download successful
2940,11952,Download successful
2941,11953,Download successful
2942,11954,Download successful
2943,11955,Download successful
2944,11956,Download successful
2945,11957,Download successful
2946,11958,Download successful
2947,11959,Download successful
2948,11960,Download successful
2949,11961,Download successful
2950,11962,Download successful
2951,11963,Download successful
2952,11964,Download successful
2953,11965,Download successful
2954,11966,Download successful
2955,11967,Download successful
2956,11968,Download successful
2957,11969,Download successful
2958,11970,Download successful
2959,11971,Download successful
2960,11972,Download successful
2961,11973,Download successful
2962,11974,Download successful
2963,11975,Download successful
2964,11976,Download successful
2965,11977,Download successful
2966,11978,Download successful
2967,11979,Download successful
2968,11980,Download successful
2969,11981,Download successful
2970,11982,Download successful
2971,11983,Download successful
2972,11984,Download successful
2973,11985,Download successful
2974,11986,Download successful
2975,11987,Download successful
2976,11988,Download successful
2977,11989,Download successful
2978,11990,Download successful
2979,11991,Download successful
2980,11992,Download successful
2981,11993,Download successful
2982,11994,Download successful
2983,11995,Download successful
2984,11996,Download successful
2985,11997,Download successful
2986,11998,Download successful
2987,11999,Download successful
2988,12000,Download successful
2989,12001,Download successful
2990,12002,Download successful
2991,12003,Download successful
2992,12004,Download successful
2993,12005,Download successful
2994,12006,Download successful
2995,12007,Download successful
2996,12008,Download successful
2997,12009,Download successful
2998,12010,Download successful
2999,12011,Download successful
3000,12012,Download successful
3001,12013,Download successful
3002,12014,Download successful
3003,12015,Download successful
3004,12016,Download successful
3005,12017,Download successful
3006,12018,Download successful
3007,12019,Download successful
3008,12020,Download successful
3009,12021,Download successful
3010,12022,Download successful
3011,12023,Download successful
3012,12024,Download successful
3013,12025,Download successful
3014,12026,Download successful
3015,12027,Download successful
3016,12028,Download successful
3017,12029,Download successful
3018,12030,Download successful
3019,12031,Download successful
3020,12032,Download successful
3021,12033,Download successful
3022,12034,Download successful
3023,12035,Download successful
3024,12036,Download successful
3025,12037,Download successful
3026,12038,Download successful
3027,12039,Download successful
3028,12040,Download successful
3029,12041,Download successful
3030,12042,Download successful
3031,12043,Download successful
3032,12044,Download successful
3033,12045,Download successful
3034,12046,Download successful
3035,12047,Download successful
3036,12048,Download successful
3037,12049,Download successful
3038,12050,Download successful
3039,12051,Download successful
3040,12052,Download successful
3041,12053,Download successful
3042,12054,Download successful
3043,12055,Download successful
3044,12056,Download successful
3045,12057,Download successful
3046,12058,Download successful
3047,12059,Download successful
3048,12060,Download successful
3049,12061,Download successful
3050,12062,Download successful
3051,12063,Download successful
3052,5338,Download successful
3053,5339,Download successful
3054,6619,Download successful
3055,6728,Download successful
3056,7174,Download successful
3057,7175,Download successful
3058,7528,Download successful
3059,7529,Download successful
3060,7577,Download successful
3061,7662,Download successful
3062,8902,Download successful
